data	val [Kbytes/s]
6/29/1998 00:00:00	18.34194498697917
6/29/1998 00:10:00	18.346101888020833
6/29/1998 00:20:00	17.52362141927083
6/29/1998 00:30:00	18.384697265625
6/29/1998 00:40:00	17.138987630208334
6/29/1998 00:50:00	18.10589680989583
6/29/1998 01:00:00	18.140271809895832
6/29/1998 01:10:00	18.785722656249998
6/29/1998 01:20:00	18.24297526041667
6/29/1998 01:30:00	19.38630859375
6/29/1998 01:40:00	18.796624348958336
6/29/1998 01:50:00	18.873138020833334
6/29/1998 02:00:00	20.345257161458335
6/29/1998 02:10:00	21.838907877604164
6/29/1998 02:20:00	21.650065104166664
6/29/1998 02:30:00	23.334026692708328
6/29/1998 02:40:00	22.39753743489583
6/29/1998 02:50:00	23.617703450520835
6/29/1998 03:00:00	23.136708984375
6/29/1998 03:10:00	23.973528645833337
6/29/1998 03:20:00	23.924505208333333
6/29/1998 03:30:00	24.350791015625
6/29/1998 03:40:00	25.461687825520833
6/29/1998 03:50:00	24.937215169270832
6/29/1998 04:00:00	24.7461669921875
6/29/1998 04:10:00	23.20773274739583
6/29/1998 04:20:00	22.663133138020832
6/29/1998 04:30:00	22.6877587890625
6/29/1998 04:40:00	24.264697265625003
6/29/1998 04:50:00	23.116988932291665
6/29/1998 05:00:00	21.72962890625
6/29/1998 05:10:00	22.587975260416666
6/29/1998 05:20:00	22.8875830078125
6/29/1998 05:30:00	21.777867838541667
6/29/1998 05:40:00	21.287060546875
6/29/1998 05:50:00	21.9653857421875
6/29/1998 06:00:00	21.709505208333333
6/29/1998 06:10:00	21.199674479166667
6/29/1998 06:20:00	21.7386474609375
6/29/1998 06:30:00	22.49745279947917
6/29/1998 06:40:00	22.742438151041668
6/29/1998 06:50:00	22.6460498046875
6/29/1998 07:00:00	22.395159505208333
6/29/1998 07:10:00	23.097382812499998
6/29/1998 07:20:00	23.493240559895835
6/29/1998 07:30:00	25.208186848958334
6/29/1998 07:40:00	25.666621093750003
6/29/1998 07:50:00	26.71756673177083
6/29/1998 08:00:00	28.89171549479166
6/29/1998 08:10:00	29.476041666666667
6/29/1998 08:20:00	31.609449869791668
6/29/1998 08:30:00	32.88946289062499
6/29/1998 08:40:00	32.70160807291667
6/29/1998 08:50:00	33.956474609375
6/29/1998 09:00:00	35.16882975260417
6/29/1998 09:10:00	37.06131510416667
6/29/1998 09:20:00	37.913157552083334
6/29/1998 09:30:00	38.3959716796875
6/29/1998 09:40:00	40.39565104166666
6/29/1998 09:50:00	41.810297851562495
6/29/1998 10:00:00	45.52778483072916
6/29/1998 10:10:00	49.350332031250005
6/29/1998 10:20:00	57.275382486979176
6/29/1998 10:30:00	89.50028320312501
6/29/1998 10:40:00	124.38733072916666
6/29/1998 10:50:00	148.0327685546875
6/29/1998 11:00:00	145.3573323567708
6/29/1998 11:10:00	174.36842447916666
6/29/1998 11:20:00	174.11861653645832
6/29/1998 11:30:00	188.43200846354168
6/29/1998 11:40:00	207.17066569010416
6/29/1998 11:50:00	222.34713216145832
6/29/1998 12:00:00	246.14845865885414
6/29/1998 12:10:00	266.26893066406245
6/29/1998 12:20:00	278.8449430338542
6/29/1998 12:30:00	202.7068212890625
6/29/1998 12:40:00	158.28692545572918
6/29/1998 12:50:00	139.00722493489585
6/29/1998 13:00:00	126.21319173177082
6/29/1998 13:10:00	128.9594580078125
6/29/1998 13:20:00	117.19195963541665
6/29/1998 13:30:00	108.15936686197915
6/29/1998 13:40:00	99.08919596354168
6/29/1998 13:50:00	94.00258463541667
6/29/1998 14:00:00	91.09015950520833
6/29/1998 14:10:00	85.95868001302082
6/29/1998 14:20:00	85.77013509114583
6/29/1998 14:30:00	85.34683756510415
6/29/1998 14:40:00	84.56180013020833
6/29/1998 14:50:00	86.44139811197917
6/29/1998 15:00:00	88.87637044270834
6/29/1998 15:10:00	105.63201822916668
6/29/1998 15:20:00	110.58631510416667
6/29/1998 15:30:00	119.1200439453125
6/29/1998 15:40:00	126.74324544270833
6/29/1998 15:50:00	124.41859374999999
6/29/1998 16:00:00	125.43529785156247
6/29/1998 16:10:00	130.07537434895832
6/29/1998 16:20:00	122.22189778645834
6/29/1998 16:30:00	140.04474772135418
6/29/1998 16:40:00	151.84699381510416
6/29/1998 16:50:00	170.3847021484375
6/29/1998 17:00:00	81.15184733072917
6/29/1998 17:10:00	56.2853515625
6/29/1998 17:20:00	46.78800130208334
6/29/1998 17:30:00	43.03258138020833
6/29/1998 17:40:00	38.391796875
6/29/1998 17:50:00	34.53670735677083
6/29/1998 18:00:00	32.19560221354167
6/29/1998 18:10:00	31.28604654947917
6/29/1998 18:20:00	29.97087890625
6/29/1998 18:30:00	27.943618164062503
6/29/1998 18:40:00	27.9946826171875
6/29/1998 18:50:00	27.431279296875005
6/29/1998 19:00:00	26.964996744791666
6/29/1998 19:10:00	26.317278645833333
6/29/1998 19:20:00	25.954495442708332
6/29/1998 19:30:00	24.443022460937502
6/29/1998 19:40:00	25.267058919270834
6/29/1998 19:50:00	26.038839518229167
6/29/1998 20:00:00	26.07021484375
6/29/1998 20:10:00	25.661630859375
6/29/1998 20:20:00	25.886310221354165
6/29/1998 20:30:00	26.160939127604166
6/29/1998 20:40:00	24.688279622395832
6/29/1998 20:50:00	24.834653320312498
6/29/1998 21:00:00	24.8300732421875
6/29/1998 21:10:00	23.88911458333333
6/29/1998 21:20:00	22.70428059895833
6/29/1998 21:30:00	22.122001953125
6/29/1998 21:40:00	21.121316731770833
6/29/1998 21:50:00	21.103518880208334
6/29/1998 22:00:00	21.176370442708333
6/29/1998 22:10:00	20.31904947916667
6/29/1998 22:20:00	19.441017252604166
6/29/1998 22:30:00	19.44888346354167
6/29/1998 22:40:00	19.17084147135417
6/29/1998 22:50:00	18.79826009114583
6/29/1998 23:00:00	19.543157552083336
6/29/1998 23:10:00	19.015317382812498
6/29/1998 23:20:00	18.900411783854167
6/29/1998 23:30:00	18.89721516927083
6/29/1998 23:40:00	18.8657470703125
6/29/1998 23:50:00	18.721787109374997
6/30/1998 00:00:00	18.159402669270833
6/30/1998 00:10:00	17.005105794270833
6/30/1998 00:20:00	16.50090006510417
6/30/1998 00:30:00	16.895452473958336
6/30/1998 00:40:00	15.7593115234375
6/30/1998 00:50:00	15.7576904296875
6/30/1998 01:00:00	16.0384765625
6/30/1998 01:10:00	16.930670572916664
6/30/1998 01:20:00	16.236910807291668
6/30/1998 01:30:00	18.111691080729166
6/30/1998 01:40:00	17.619524739583333
6/30/1998 01:50:00	18.642840169270833
6/30/1998 02:00:00	20.116448567708332
6/30/1998 02:10:00	20.020926106770833
6/30/1998 02:20:00	20.317412109374995
6/30/1998 02:30:00	21.078320312499997
6/30/1998 02:40:00	22.022999674479166
6/30/1998 02:50:00	21.658487955729164
6/30/1998 03:00:00	21.468645833333333
6/30/1998 03:10:00	21.069848632812498
6/30/1998 03:20:00	21.74530110677083
6/30/1998 03:30:00	21.64744140625
6/30/1998 03:40:00	22.153430989583335
6/30/1998 03:50:00	20.691888020833336
6/30/1998 04:00:00	21.649562174479165
6/30/1998 04:10:00	20.339669596354167
6/30/1998 04:20:00	20.155831705729163
6/30/1998 04:30:00	20.495362955729167
6/30/1998 04:40:00	21.353497721354163
6/30/1998 04:50:00	21.337830403645835
6/30/1998 05:00:00	21.075480143229168
6/30/1998 05:10:00	21.12849772135417
6/30/1998 05:20:00	21.992583007812502
6/30/1998 05:30:00	20.840895182291664
6/30/1998 05:40:00	21.131687825520835
6/30/1998 05:50:00	21.489293619791667
6/30/1998 06:00:00	20.8921533203125
6/30/1998 06:10:00	20.776155598958333
6/30/1998 06:20:00	22.276852213541666
6/30/1998 06:30:00	21.533019205729165
6/30/1998 06:40:00	23.002298177083333
6/30/1998 06:50:00	22.727734375
6/30/1998 07:00:00	21.8860888671875
6/30/1998 07:10:00	24.628087565104163
6/30/1998 07:20:00	24.39068522135417
6/30/1998 07:30:00	24.446066080729167
6/30/1998 07:40:00	25.096612955729164
6/30/1998 07:50:00	25.2346875
6/30/1998 08:00:00	25.108610026041667
6/30/1998 08:10:00	27.342207031250002
6/30/1998 08:20:00	28.66312337239583
6/30/1998 08:30:00	28.830224609374994
6/30/1998 08:40:00	30.578203125000005
6/30/1998 08:50:00	30.60073893229167
6/30/1998 09:00:00	33.05717447916667
6/30/1998 09:10:00	34.348971354166665
6/30/1998 09:20:00	32.850369466145835
6/30/1998 09:30:00	35.9607861328125
6/30/1998 09:40:00	35.665761718750005
6/30/1998 09:50:00	36.47121744791666
6/30/1998 10:00:00	39.2337890625
6/30/1998 10:10:00	44.224643554687496
6/30/1998 10:20:00	50.346604817708325
6/30/1998 10:30:00	77.18631673177082
6/30/1998 10:40:00	107.55802571614583
6/30/1998 10:50:00	131.0219140625
6/30/1998 11:00:00	136.47270507812502
6/30/1998 11:10:00	161.76344238281254
6/30/1998 11:20:00	168.23013020833335
6/30/1998 11:30:00	175.85576497395832
6/30/1998 11:40:00	180.11275716145832
6/30/1998 11:50:00	188.70909505208334
6/30/1998 12:00:00	181.5945328776042
6/30/1998 12:10:00	196.32508789062499
6/30/1998 12:20:00	221.6991064453125
6/30/1998 12:30:00	170.90867838541664
6/30/1998 12:40:00	152.11939453125
6/30/1998 12:50:00	130.62763020833333
6/30/1998 13:00:00	125.73247233072917
6/30/1998 13:10:00	118.18043619791668
6/30/1998 13:20:00	112.23349772135415
6/30/1998 13:30:00	106.25017252604167
6/30/1998 13:40:00	105.13200520833331
6/30/1998 13:50:00	101.92993977864583
6/30/1998 14:00:00	101.08253906249999
6/30/1998 14:10:00	94.32205240885416
6/30/1998 14:20:00	97.98812825520834
6/30/1998 14:30:00	97.2271044921875
6/30/1998 14:40:00	96.199228515625
6/30/1998 14:50:00	101.66673990885417
6/30/1998 15:00:00	122.5742138671875
6/30/1998 15:10:00	149.9085009765625
6/30/1998 15:20:00	162.48833984375
6/30/1998 15:30:00	166.46697102864582
6/30/1998 15:40:00	183.09305013020833
6/30/1998 15:50:00	181.64724609374997
6/30/1998 16:00:00	179.86283365885419
6/30/1998 16:10:00	191.82722819010417
6/30/1998 16:20:00	181.971259765625
6/30/1998 16:30:00	208.70878092447916
6/30/1998 16:40:00	225.51377929687501
6/30/1998 16:50:00	240.20666178385417
6/30/1998 17:00:00	213.2537353515625
6/30/1998 17:10:00	238.19594889322917
6/30/1998 17:20:00	249.614443359375
6/30/1998 17:30:00	275.65587239583334
6/30/1998 17:40:00	256.82435058593745
6/30/1998 17:50:00	199.45433105468751
6/30/1998 18:00:00	123.02866699218751
6/30/1998 18:10:00	63.02470377604167
6/30/1998 18:20:00	53.99901529947916
6/30/1998 18:30:00	48.171634114583334
6/30/1998 18:40:00	44.74271158854167
6/30/1998 18:50:00	40.635283203125
6/30/1998 19:00:00	36.830265299479166
6/30/1998 19:10:00	35.62712727864583
6/30/1998 19:20:00	33.803334960937505
6/30/1998 19:30:00	33.82323567708333
6/30/1998 19:40:00	33.324550781250004
6/30/1998 19:50:00	33.376627604166664
6/30/1998 20:00:00	32.250009765625
6/30/1998 20:10:00	32.53145833333333
6/30/1998 20:20:00	31.260304361979166
6/30/1998 20:30:00	31.400904947916665
6/30/1998 20:40:00	31.16719889322917
6/30/1998 20:50:00	28.8418994140625
6/30/1998 21:00:00	28.831936848958332
6/30/1998 21:10:00	27.466407877604173
6/30/1998 21:20:00	27.411993815104164
6/30/1998 21:30:00	26.747980143229164
6/30/1998 21:40:00	25.551638997395834
6/30/1998 21:50:00	23.911471354166668
6/30/1998 22:00:00	24.770799153645832
6/30/1998 22:10:00	23.045499674479167
6/30/1998 22:20:00	24.436912434895838
6/30/1998 22:30:00	23.692724609375002
6/30/1998 22:40:00	24.230314127604167
6/30/1998 22:50:00	23.27615885416667
6/30/1998 23:00:00	23.483886718750004
6/30/1998 23:10:00	23.9272412109375
6/30/1998 23:20:00	23.153154296874998
6/30/1998 23:30:00	23.19060546875
6/30/1998 23:40:00	23.045485026041668
6/30/1998 23:50:00	22.76943359375
7/01/1998 00:00:00	20.197141927083333
7/01/1998 00:10:00	19.65040201822917
7/01/1998 00:20:00	19.787815755208335
7/01/1998 00:30:00	19.6456640625
7/01/1998 00:40:00	18.351746419270835
7/01/1998 00:50:00	19.337882486979165
7/01/1998 01:00:00	19.889135742187502
7/01/1998 01:10:00	19.390188802083337
7/01/1998 01:20:00	19.286733398437498
7/01/1998 01:30:00	19.823595377604164
7/01/1998 01:40:00	20.09161295572917
7/01/1998 01:50:00	19.25459309895833
7/01/1998 02:00:00	20.53603515625
7/01/1998 02:10:00	21.096277669270833
7/01/1998 02:20:00	19.997998046875
7/01/1998 02:30:00	20.598149414062497
7/01/1998 02:40:00	20.22277018229167
7/01/1998 02:50:00	21.349666341145834
7/01/1998 03:00:00	21.692189127604163
7/01/1998 03:10:00	22.385792643229166
7/01/1998 03:20:00	22.256007486979165
7/01/1998 03:30:00	23.223362630208335
7/01/1998 03:40:00	21.6537939453125
7/01/1998 03:50:00	22.5165234375
7/01/1998 04:00:00	22.513982747395833
7/01/1998 04:10:00	21.46377604166667
7/01/1998 04:20:00	22.457197265625002
7/01/1998 04:30:00	21.500045572916665
7/01/1998 04:40:00	21.247451171875
7/01/1998 04:50:00	21.469275716145834
7/01/1998 05:00:00	18.57654296875
7/01/1998 05:10:00	20.345538736979165
7/01/1998 05:20:00	20.448805338541668
7/01/1998 05:30:00	19.861699218749997
7/01/1998 05:40:00	19.492701822916665
7/01/1998 05:50:00	19.623204752604163
7/01/1998 06:00:00	20.274513346354166
7/01/1998 06:10:00	19.839724934895834
7/01/1998 06:20:00	19.816033528645832
7/01/1998 06:30:00	19.61747721354167
7/01/1998 06:40:00	19.980192057291664
7/01/1998 06:50:00	20.72311848958333
7/01/1998 07:00:00	20.585566406250003
7/01/1998 07:10:00	20.858505859374997
7/01/1998 07:20:00	21.16314453125
7/01/1998 07:30:00	22.7382080078125
7/01/1998 07:40:00	22.226818033854165
7/01/1998 07:50:00	22.957190755208334
7/01/1998 08:00:00	23.073933919270832
7/01/1998 08:10:00	24.478969726562504
7/01/1998 08:20:00	26.224059244791665
7/01/1998 08:30:00	26.438557942708332
7/01/1998 08:40:00	27.627941080729165
7/01/1998 08:50:00	27.85982747395833
7/01/1998 09:00:00	27.865201822916664
7/01/1998 09:10:00	29.277055664062498
7/01/1998 09:20:00	28.917288411458337
7/01/1998 09:30:00	29.893736979166665
7/01/1998 09:40:00	30.25382161458333
7/01/1998 09:50:00	30.487758789062504
7/01/1998 10:00:00	30.096005859374998
7/01/1998 10:10:00	30.24590657552083
7/01/1998 10:20:00	31.21157877604167
7/01/1998 10:30:00	30.949215494791666
7/01/1998 10:40:00	30.786673177083333
7/01/1998 10:50:00	31.948180338541665
7/01/1998 11:00:00	30.33065104166667
7/01/1998 11:10:00	28.280991210937497
7/01/1998 11:20:00	32.92586588541667
7/01/1998 11:30:00	31.425981445312498
7/01/1998 11:40:00	30.15269694010417
7/01/1998 11:50:00	31.150831705729168
7/01/1998 12:00:00	30.36282389322917
7/01/1998 12:10:00	29.831879882812494
7/01/1998 12:20:00	29.8475439453125
7/01/1998 12:30:00	29.507049153645834
7/01/1998 12:40:00	29.2289501953125
7/01/1998 12:50:00	28.437430013020833
7/01/1998 13:00:00	27.416715494791667
7/01/1998 13:10:00	27.577454427083335
7/01/1998 13:20:00	26.516328124999994
7/01/1998 13:30:00	27.00958984375
7/01/1998 13:40:00	25.427115885416665
7/01/1998 13:50:00	25.62287923177084
7/01/1998 14:00:00	25.26517578125
7/01/1998 14:10:00	25.489996744791664
7/01/1998 14:20:00	24.671575520833336
7/01/1998 14:30:00	22.8271630859375
7/01/1998 14:40:00	22.953134765625002
7/01/1998 14:50:00	23.28275716145833
7/01/1998 15:00:00	23.281805013020833
7/01/1998 15:10:00	23.217768554687495
7/01/1998 15:20:00	22.918917643229168
7/01/1998 15:30:00	23.565929361979165
7/01/1998 15:40:00	22.498204752604163
7/01/1998 15:50:00	21.263826497395833
7/01/1998 16:00:00	21.470242513020832
7/01/1998 16:10:00	20.753943684895837
7/01/1998 16:20:00	20.434716796875
7/01/1998 16:30:00	19.8155712890625
7/01/1998 16:40:00	20.320118815104166
7/01/1998 16:50:00	20.001298828124998
7/01/1998 17:00:00	19.342019856770836
7/01/1998 17:10:00	18.810900065104168
7/01/1998 17:20:00	18.317952473958332
7/01/1998 17:30:00	16.90664713541667
7/01/1998 17:40:00	16.48332194010417
7/01/1998 17:50:00	17.4821630859375
7/01/1998 18:00:00	16.350909830729165
7/01/1998 18:10:00	15.590519205729166
7/01/1998 18:20:00	15.037213541666665
7/01/1998 18:30:00	14.619337565104166
7/01/1998 18:40:00	14.544376627604166
7/01/1998 18:50:00	13.492029622395833
7/01/1998 19:00:00	13.455338541666666
7/01/1998 19:10:00	12.9130859375
7/01/1998 19:20:00	13.1491845703125
7/01/1998 19:30:00	13.727470703125002
7/01/1998 19:40:00	13.248548177083332
7/01/1998 19:50:00	13.871193033854166
7/01/1998 20:00:00	13.417086588541668
7/01/1998 20:10:00	14.537529296874999
7/01/1998 20:20:00	13.796920572916667
7/01/1998 20:30:00	13.348092447916667
7/01/1998 20:40:00	13.722469075520834
7/01/1998 20:50:00	14.138916015625
7/01/1998 21:00:00	13.724396158854168
7/01/1998 21:10:00	13.355992838541667
7/01/1998 21:20:00	13.964926757812501
7/01/1998 21:30:00	13.117679036458332
7/01/1998 21:40:00	12.998527018229169
7/01/1998 21:50:00	13.357737630208334
7/01/1998 22:00:00	12.7285888671875
7/01/1998 22:10:00	13.7519189453125
7/01/1998 22:20:00	12.959044596354167
7/01/1998 22:30:00	12.7372705078125
7/01/1998 22:40:00	13.038393554687502
7/01/1998 22:50:00	13.028125
7/01/1998 23:00:00	13.44052734375
7/01/1998 23:10:00	13.323694661458333
7/01/1998 23:20:00	13.508004557291667
7/01/1998 23:30:00	13.849899088541667
7/01/1998 23:40:00	13.5925634765625
7/01/1998 23:50:00	12.451494140625
7/02/1998 00:00:00	12.457128906249999
7/02/1998 00:10:00	11.829212239583335
7/02/1998 00:20:00	10.935572916666667
7/02/1998 00:30:00	11.377853190104165
7/02/1998 00:40:00	11.576710611979168
7/02/1998 00:50:00	10.455921223958333
7/02/1998 01:00:00	10.849422200520834
7/02/1998 01:10:00	11.584026692708333
7/02/1998 01:20:00	11.467298177083332
7/02/1998 01:30:00	11.230691731770833
7/02/1998 01:40:00	11.8695947265625
7/02/1998 01:50:00	12.236347656249999
7/02/1998 02:00:00	11.809960937499998
7/02/1998 02:10:00	11.567869466145833
7/02/1998 02:20:00	11.6809814453125
7/02/1998 02:30:00	12.388802083333335
7/02/1998 02:40:00	11.853138020833333
7/02/1998 02:50:00	12.072197265624999
7/02/1998 03:00:00	11.976523437500001
7/02/1998 03:10:00	12.13974609375
7/02/1998 03:20:00	11.9750927734375
7/02/1998 03:30:00	12.7923876953125
7/02/1998 03:40:00	13.385528971354166
7/02/1998 03:50:00	12.638570963541666
7/02/1998 04:00:00	12.560865885416666
7/02/1998 04:10:00	13.193823242187502
7/02/1998 04:20:00	12.9405859375
7/02/1998 04:30:00	12.83359375
7/02/1998 04:40:00	14.236569010416668
7/02/1998 04:50:00	13.555079752604167
7/02/1998 05:00:00	13.281700846354164
7/02/1998 05:10:00	13.486129557291667
7/02/1998 05:20:00	13.995447591145833
7/02/1998 05:30:00	14.270258789062499
7/02/1998 05:40:00	13.5555224609375
7/02/1998 05:50:00	12.558479817708335
7/02/1998 06:00:00	13.429635416666667
7/02/1998 06:10:00	13.972054036458335
7/02/1998 06:20:00	13.612732747395833
7/02/1998 06:30:00	13.642425130208332
7/02/1998 06:40:00	14.025222981770835
7/02/1998 06:50:00	13.669329427083335
7/02/1998 07:00:00	14.352151692708333
7/02/1998 07:10:00	14.555087890625
7/02/1998 07:20:00	15.382696940104164
7/02/1998 07:30:00	15.782709960937499
7/02/1998 07:40:00	16.3310986328125
7/02/1998 07:50:00	16.486883138020833
7/02/1998 08:00:00	17.5555224609375
7/02/1998 08:10:00	17.4688330078125
7/02/1998 08:20:00	18.512509765624998
7/02/1998 08:30:00	18.4696240234375
7/02/1998 08:40:00	18.728971354166667
7/02/1998 08:50:00	19.9495556640625
7/02/1998 09:00:00	19.8708837890625
7/02/1998 09:10:00	21.194018554687496
7/02/1998 09:20:00	21.025903320312498
7/02/1998 09:30:00	16.7378173828125
7/02/1998 09:40:00	17.853504231770835
7/02/1998 09:50:00	18.760323893229167
7/02/1998 10:00:00	21.793538411458332
7/02/1998 10:10:00	22.609671223958333
7/02/1998 10:20:00	22.579171549479163
7/02/1998 10:30:00	23.231951497395833
7/02/1998 10:40:00	23.71387532552083
7/02/1998 10:50:00	22.833261718750002
7/02/1998 11:00:00	23.283782552083334
7/02/1998 11:10:00	23.575089518229166
7/02/1998 11:20:00	23.11172037760417
7/02/1998 11:30:00	23.698689778645832
7/02/1998 11:40:00	24.40612630208333
7/02/1998 11:50:00	23.916391601562502
7/02/1998 12:00:00	22.48525065104167
7/02/1998 12:10:00	23.939931640624998
7/02/1998 12:20:00	24.21625813802083
7/02/1998 12:30:00	23.215198567708335
7/02/1998 12:40:00	23.0607763671875
7/02/1998 12:50:00	22.75856119791667
7/02/1998 13:00:00	22.98992838541667
7/02/1998 13:10:00	22.278852539062495
7/02/1998 13:20:00	22.6971826171875
7/02/1998 13:30:00	21.567060546875002
7/02/1998 13:40:00	19.947514648437497
7/02/1998 13:50:00	20.30694986979167
7/02/1998 14:00:00	19.918772786458334
7/02/1998 14:10:00	19.240465494791668
7/02/1998 14:20:00	20.091333007812498
7/02/1998 14:30:00	18.95893880208333
7/02/1998 14:40:00	19.505236002604168
7/02/1998 14:50:00	19.11732421875
7/02/1998 15:00:00	19.566398111979165
7/02/1998 15:10:00	18.786432291666664
7/02/1998 15:20:00	18.351795247395835
7/02/1998 15:30:00	18.848789062499996
7/02/1998 15:40:00	19.607166341145835
7/02/1998 15:50:00	18.615213216145833
7/02/1998 16:00:00	18.325193684895833
7/02/1998 16:10:00	19.394016927083335
7/02/1998 16:20:00	17.77125325520833
7/02/1998 16:30:00	17.167993164062498
7/02/1998 16:40:00	18.089306640625
7/02/1998 16:50:00	17.641111653645833
7/02/1998 17:00:00	16.477410481770832
7/02/1998 17:10:00	16.41762532552083
7/02/1998 17:20:00	16.44702311197917
7/02/1998 17:30:00	15.65650716145833
7/02/1998 17:40:00	14.908525390625002
7/02/1998 17:50:00	13.768528645833333
7/02/1998 18:00:00	14.068523763020835
7/02/1998 18:10:00	13.994861653645833
7/02/1998 18:20:00	13.794425455729165
7/02/1998 18:30:00	13.015582682291669
7/02/1998 18:40:00	13.046124674479168
7/02/1998 18:50:00	12.581417643229166
7/02/1998 19:00:00	12.346197916666668
7/02/1998 19:10:00	12.3823681640625
7/02/1998 19:20:00	12.318400065104168
7/02/1998 19:30:00	12.386608072916667
7/02/1998 19:40:00	12.552949218750001
7/02/1998 19:50:00	12.372096354166667
7/02/1998 20:00:00	12.365548502604165
7/02/1998 20:10:00	12.4630859375
7/02/1998 20:20:00	11.836678059895835
7/02/1998 20:30:00	12.380218098958334
7/02/1998 20:40:00	12.240302734374998
7/02/1998 20:50:00	12.216988932291667
7/02/1998 21:00:00	11.705462239583333
7/02/1998 21:10:00	12.224915364583333
7/02/1998 21:20:00	12.210703124999998
7/02/1998 21:30:00	11.678098958333333
7/02/1998 21:40:00	11.87794921875
7/02/1998 21:50:00	12.512680664062502
7/02/1998 22:00:00	12.287532552083333
7/02/1998 22:10:00	12.435289713541668
7/02/1998 22:20:00	12.05953125
7/02/1998 22:30:00	12.17580078125
7/02/1998 22:40:00	11.811541341145832
7/02/1998 22:50:00	12.268697916666664
7/02/1998 23:00:00	12.749750976562499
7/02/1998 23:10:00	13.409952799479166
7/02/1998 23:20:00	13.628229166666666
7/02/1998 23:30:00	13.0156982421875
7/02/1998 23:40:00	11.489736328125002
7/02/1998 23:50:00	12.546061197916668
7/03/1998 00:00:00	11.571614583333332
7/03/1998 00:10:00	11.6451904296875
7/03/1998 00:20:00	10.542711588541668
7/03/1998 00:30:00	11.0694677734375
7/03/1998 00:40:00	11.090994466145833
7/03/1998 00:50:00	10.931718749999998
7/03/1998 01:00:00	11.189695638020833
7/03/1998 01:10:00	10.817386067708332
7/03/1998 01:20:00	10.352630208333334
7/03/1998 01:30:00	10.971702473958334
7/03/1998 01:40:00	10.6726806640625
7/03/1998 01:50:00	11.525069986979165
7/03/1998 02:00:00	12.341362304687499
7/03/1998 02:10:00	12.373201497395835
7/03/1998 02:20:00	12.733623046875
7/03/1998 02:30:00	12.737571614583334
7/03/1998 02:40:00	12.607213541666667
7/03/1998 02:50:00	12.438587239583333
7/03/1998 03:00:00	13.982996419270837
7/03/1998 03:10:00	13.8573486328125
7/03/1998 03:20:00	13.619337565104166
7/03/1998 03:30:00	13.497408854166668
7/03/1998 03:40:00	14.1999365234375
7/03/1998 03:50:00	14.240836588541669
7/03/1998 04:00:00	14.444737955729167
7/03/1998 04:10:00	15.313429361979166
7/03/1998 04:20:00	14.789028320312502
7/03/1998 04:30:00	14.477119140625001
7/03/1998 04:40:00	15.326227213541666
7/03/1998 04:50:00	14.660406901041664
7/03/1998 05:00:00	14.745795898437501
7/03/1998 05:10:00	14.86971516927083
7/03/1998 05:20:00	13.604104817708333
7/03/1998 05:30:00	14.519952799479166
7/03/1998 05:40:00	15.057775065104167
7/03/1998 05:50:00	16.141472981770836
7/03/1998 06:00:00	14.644329427083331
7/03/1998 06:10:00	14.993120117187502
7/03/1998 06:20:00	15.383653971354168
7/03/1998 06:30:00	15.198111979166665
7/03/1998 06:40:00	15.254353841145834
7/03/1998 06:50:00	16.62235026041667
7/03/1998 07:00:00	16.525205078125
7/03/1998 07:10:00	15.971669921875
7/03/1998 07:20:00	16.76136393229167
7/03/1998 07:30:00	17.292897135416666
7/03/1998 07:40:00	17.532197265624998
7/03/1998 07:50:00	17.816492513020833
7/03/1998 08:00:00	19.353232421875
7/03/1998 08:10:00	20.246051432291665
7/03/1998 08:20:00	20.998748372395834
7/03/1998 08:30:00	21.144272460937497
7/03/1998 08:40:00	21.3751953125
7/03/1998 08:50:00	23.082109374999995
7/03/1998 09:00:00	24.071634114583333
7/03/1998 09:10:00	24.63845703125
7/03/1998 09:20:00	27.309584960937503
7/03/1998 09:30:00	27.543017578125
7/03/1998 09:40:00	28.329718424479164
7/03/1998 09:50:00	29.3130859375
7/03/1998 10:00:00	34.032498372395835
7/03/1998 10:10:00	36.82069986979167
7/03/1998 10:20:00	44.1829931640625
7/03/1998 10:30:00	80.15186848958334
7/03/1998 10:40:00	114.397900390625
7/03/1998 10:50:00	134.40715494791667
7/03/1998 11:00:00	143.2423649088542
7/03/1998 11:10:00	156.96213216145833
7/03/1998 11:20:00	149.75409993489583
7/03/1998 11:30:00	152.240283203125
7/03/1998 11:40:00	156.61526692708333
7/03/1998 11:50:00	160.56482747395833
7/03/1998 12:00:00	160.8728043619792
7/03/1998 12:10:00	167.90977213541666
7/03/1998 12:20:00	170.63225260416667
7/03/1998 12:30:00	162.7791276041667
7/03/1998 12:40:00	167.30797037760416
7/03/1998 12:50:00	176.92304361979166
7/03/1998 13:00:00	189.24610514322916
7/03/1998 13:10:00	198.81472656249997
7/03/1998 13:20:00	155.6961946614583
7/03/1998 13:30:00	108.56555989583333
7/03/1998 13:40:00	90.50882161458334
7/03/1998 13:50:00	82.05088704427084
7/03/1998 14:00:00	70.00514485677083
7/03/1998 14:10:00	62.9806298828125
7/03/1998 14:20:00	37.46158365885417
7/03/1998 14:30:00	32.41755045572917
7/03/1998 14:40:00	29.146337890625
7/03/1998 14:50:00	30.33485188802083
7/03/1998 15:00:00	45.140909830729164
7/03/1998 15:10:00	55.75790364583332
7/03/1998 15:20:00	59.70366373697916
7/03/1998 15:30:00	63.427470703125
7/03/1998 15:40:00	66.4776904296875
7/03/1998 15:50:00	70.94382975260416
7/03/1998 16:00:00	69.14472493489583
7/03/1998 16:10:00	73.91458984375001
7/03/1998 16:20:00	74.30255533854167
7/03/1998 16:30:00	75.74312174479167
7/03/1998 16:40:00	72.66267740885417
7/03/1998 16:50:00	77.26030761718751
7/03/1998 17:00:00	57.10538411458333
7/03/1998 17:10:00	34.295978190104165
7/03/1998 17:20:00	28.98412272135416
7/03/1998 17:30:00	25.254169921875
7/03/1998 17:40:00	24.07858561197917
7/03/1998 17:50:00	22.826194661458334
7/03/1998 18:00:00	21.771279296874997
7/03/1998 18:10:00	19.87669596354167
7/03/1998 18:20:00	18.432081705729168
7/03/1998 18:30:00	18.757333984375
7/03/1998 18:40:00	19.067399088541663
7/03/1998 18:50:00	17.648155924479166
7/03/1998 19:00:00	17.825945638020833
7/03/1998 19:10:00	17.081124674479167
7/03/1998 19:20:00	16.447011718749998
7/03/1998 19:30:00	15.840353190104167
7/03/1998 19:40:00	16.098595377604166
7/03/1998 19:50:00	16.260411783854167
7/03/1998 20:00:00	16.615641276041664
7/03/1998 20:10:00	17.436451822916666
7/03/1998 20:20:00	16.41965494791667
7/03/1998 20:30:00	16.366673177083335
7/03/1998 20:40:00	15.956712239583334
7/03/1998 20:50:00	14.684881184895833
7/03/1998 21:00:00	15.436837565104167
7/03/1998 21:10:00	16.37909016927083
7/03/1998 21:20:00	15.461355794270833
7/03/1998 21:30:00	15.256245117187499
7/03/1998 21:40:00	15.452042643229166
7/03/1998 21:50:00	15.661334635416665
7/03/1998 22:00:00	15.6279541015625
7/03/1998 22:10:00	15.162581380208332
7/03/1998 22:20:00	15.644916992187499
7/03/1998 22:30:00	14.706847330729165
7/03/1998 22:40:00	14.447996419270833
7/03/1998 22:50:00	14.232880859375001
7/03/1998 23:00:00	14.609931640624998
7/03/1998 23:10:00	14.752560221354168
7/03/1998 23:20:00	13.213289388020831
7/03/1998 23:30:00	14.126103515625001
7/03/1998 23:40:00	13.878105468749999
7/03/1998 23:50:00	13.168906250000001
7/04/1998 00:00:00	13.3745458984375
7/04/1998 00:10:00	13.114591471354165
7/04/1998 00:20:00	12.970369466145831
7/04/1998 00:30:00	11.718131510416665
7/04/1998 00:40:00	11.291917317708332
7/04/1998 00:50:00	11.285257161458333
7/04/1998 01:00:00	11.242670898437499
7/04/1998 01:10:00	11.071837565104168
7/04/1998 01:20:00	10.420445963541669
7/04/1998 01:30:00	10.595187174479166
7/04/1998 01:40:00	10.470131835937499
7/04/1998 01:50:00	10.5528515625
7/04/1998 02:00:00	9.889947916666667
7/04/1998 02:10:00	9.804407552083333
7/04/1998 02:20:00	9.1429443359375
7/04/1998 02:30:00	9.9929052734375
7/04/1998 02:40:00	9.152128906250002
7/04/1998 02:50:00	8.911256510416667
7/04/1998 03:00:00	9.173479817708333
7/04/1998 03:10:00	9.394698893229169
7/04/1998 03:20:00	8.758712565104165
7/04/1998 03:30:00	9.057744140625001
7/04/1998 03:40:00	9.248665364583335
7/04/1998 03:50:00	8.772687174479167
7/04/1998 04:00:00	9.698826497395832
7/04/1998 04:10:00	8.709295247395833
7/04/1998 04:20:00	8.020358072916668
7/04/1998 04:30:00	9.067975260416668
7/04/1998 04:40:00	8.141051432291667
7/04/1998 04:50:00	8.288819986979167
7/04/1998 05:00:00	8.575667317708334
7/04/1998 05:10:00	8.6028271484375
7/04/1998 05:20:00	8.518946940104167
7/04/1998 05:30:00	8.123662109375001
7/04/1998 05:40:00	7.99833984375
7/04/1998 05:50:00	8.215582682291666
7/04/1998 06:00:00	8.663813476562499
7/04/1998 06:10:00	8.726853841145836
7/04/1998 06:20:00	8.510472005208333
7/04/1998 06:30:00	8.475509440104165
7/04/1998 06:40:00	8.858924153645834
7/04/1998 06:50:00	8.008683268229166
7/04/1998 07:00:00	8.805027669270833
7/04/1998 07:10:00	9.098061523437499
7/04/1998 07:20:00	9.030867513020834
7/04/1998 07:30:00	8.277467447916667
7/04/1998 07:40:00	9.286287434895835
7/04/1998 07:50:00	9.081479492187501
7/04/1998 08:00:00	9.223583984375
7/04/1998 08:10:00	9.415693359375002
7/04/1998 08:20:00	10.167861328125003
7/04/1998 08:30:00	11.054749348958332
7/04/1998 08:40:00	10.935992838541665
7/04/1998 08:50:00	10.749195963541666
7/04/1998 09:00:00	11.334838867187502
7/04/1998 09:10:00	12.281876627604166
7/04/1998 09:20:00	12.6820849609375
7/04/1998 09:30:00	12.762513020833333
7/04/1998 09:40:00	13.4123486328125
7/04/1998 09:50:00	13.363686523437499
7/04/1998 10:00:00	14.327164713541668
7/04/1998 10:10:00	14.183180338541666
7/04/1998 10:20:00	13.672526041666666
7/04/1998 10:30:00	15.167944335937497
7/04/1998 10:40:00	19.181241861979167
7/04/1998 10:50:00	21.78084147135417
7/04/1998 11:00:00	22.474192708333334
7/04/1998 11:10:00	24.219716796874998
7/04/1998 11:20:00	28.07574055989583
7/04/1998 11:30:00	27.329389648437502
7/04/1998 11:40:00	27.065250651041662
7/04/1998 11:50:00	28.983732096354164
7/04/1998 12:00:00	30.066722005208334
7/04/1998 12:10:00	31.145522460937503
7/04/1998 12:20:00	39.33270670572917
7/04/1998 12:30:00	36.14408040364584
7/04/1998 12:40:00	31.595989583333335
7/04/1998 12:50:00	28.493256835937494
7/04/1998 13:00:00	28.227498372395836
7/04/1998 13:10:00	27.58345703125
7/04/1998 13:20:00	24.639721679687494
7/04/1998 13:30:00	24.33837076822916
7/04/1998 13:40:00	22.410104166666663
7/04/1998 13:50:00	20.557451171874998
7/04/1998 14:00:00	20.893465169270833
7/04/1998 14:10:00	19.690455729166665
7/04/1998 14:20:00	18.321160481770836
7/04/1998 14:30:00	17.684459635416665
7/04/1998 14:40:00	16.353059895833333
7/04/1998 14:50:00	16.7835302734375
7/04/1998 15:00:00	18.583525390625002
7/04/1998 15:10:00	20.17476725260417
7/04/1998 15:20:00	21.9891064453125
7/04/1998 15:30:00	22.740693359374998
7/04/1998 15:40:00	24.5398681640625
7/04/1998 15:50:00	27.63778157552083
7/04/1998 16:00:00	26.68335774739583
7/04/1998 16:10:00	25.676121419270835
7/04/1998 16:20:00	26.071499023437504
7/04/1998 16:30:00	26.110600585937497
7/04/1998 16:40:00	31.98136067708333
7/04/1998 16:50:00	37.644687499999996
7/04/1998 17:00:00	36.276362304687495
7/04/1998 17:10:00	32.19232747395833
7/04/1998 17:20:00	31.391848958333334
7/04/1998 17:30:00	28.835553385416667
7/04/1998 17:40:00	27.598489583333333
7/04/1998 17:50:00	24.024025065104166
7/04/1998 18:00:00	20.2579052734375
7/04/1998 18:10:00	18.070213216145834
7/04/1998 18:20:00	16.99889322916667
7/04/1998 18:30:00	17.56948893229167
7/04/1998 18:40:00	17.286941731770835
7/04/1998 18:50:00	16.658839518229165
7/04/1998 19:00:00	15.4844873046875
7/04/1998 19:10:00	15.608512369791665
7/04/1998 19:20:00	16.52328450520833
7/04/1998 19:30:00	14.61809895833333
7/04/1998 19:40:00	14.689405924479166
7/04/1998 19:50:00	15.063206380208333
7/04/1998 20:00:00	14.215449218749999
7/04/1998 20:10:00	14.257605794270834
7/04/1998 20:20:00	14.246793619791669
7/04/1998 20:30:00	14.777109374999998
7/04/1998 20:40:00	14.576432291666666
7/04/1998 20:50:00	13.993834635416667
7/04/1998 21:00:00	13.844366861979168
7/04/1998 21:10:00	14.346152343750001
7/04/1998 21:20:00	13.64838053385417
7/04/1998 21:30:00	13.514565429687503
7/04/1998 21:40:00	13.303655598958333
7/04/1998 21:50:00	13.913037109375
7/04/1998 22:00:00	14.2676953125
7/04/1998 22:10:00	13.440760091145833
7/04/1998 22:20:00	13.765079752604166
7/04/1998 22:30:00	13.548338216145833
7/04/1998 22:40:00	13.736502278645833
7/04/1998 22:50:00	13.304235026041667
7/04/1998 23:00:00	13.903634440104167
7/04/1998 23:10:00	14.1340283203125
7/04/1998 23:20:00	14.067111002604165
7/04/1998 23:30:00	13.659073893229166
7/04/1998 23:40:00	12.843162434895834
7/04/1998 23:50:00	12.473670247395832
7/05/1998 00:00:00	12.700398763020834
7/05/1998 00:10:00	12.218714192708333
7/05/1998 00:20:00	11.887316080729168
7/05/1998 00:30:00	11.274269205729167
7/05/1998 00:40:00	11.325916341145833
7/05/1998 00:50:00	10.713400065104167
7/05/1998 01:00:00	11.065388997395832
7/05/1998 01:10:00	10.980053710937499
7/05/1998 01:20:00	10.996189778645832
7/05/1998 01:30:00	10.193328450520832
7/05/1998 01:40:00	10.2584375
7/05/1998 01:50:00	10.065465494791667
7/05/1998 02:00:00	10.179739583333333
7/05/1998 02:10:00	9.644902343750001
7/05/1998 02:20:00	9.476777343750001
7/05/1998 02:30:00	10.1220361328125
7/05/1998 02:40:00	9.579458007812498
7/05/1998 02:50:00	9.231419270833333
7/05/1998 03:00:00	9.256217447916665
7/05/1998 03:10:00	8.774256184895833
7/05/1998 03:20:00	9.513115234375
7/05/1998 03:30:00	9.4929248046875
7/05/1998 03:40:00	9.4813232421875
7/05/1998 03:50:00	9.060491536458333
7/05/1998 04:00:00	9.983798828125
7/05/1998 04:10:00	9.53353515625
7/05/1998 04:20:00	9.67482421875
7/05/1998 04:30:00	9.802623697916667
7/05/1998 04:40:00	9.246614583333333
7/05/1998 04:50:00	9.400691731770833
7/05/1998 05:00:00	10.2560498046875
7/05/1998 05:10:00	9.318570963541667
7/05/1998 05:20:00	10.320690104166669
7/05/1998 05:30:00	9.920787760416667
7/05/1998 05:40:00	9.678658854166667
7/05/1998 05:50:00	9.422931315104167
7/05/1998 06:00:00	9.504039713541667
7/05/1998 06:10:00	10.143691406249998
7/05/1998 06:20:00	9.732368164062501
7/05/1998 06:30:00	9.0327099609375
7/05/1998 06:40:00	9.1258203125
7/05/1998 06:50:00	9.611202799479166
7/05/1998 07:00:00	9.9139306640625
7/05/1998 07:10:00	9.973709309895833
7/05/1998 07:20:00	9.609051106770831
7/05/1998 07:30:00	10.207552083333335
7/05/1998 07:40:00	9.0837744140625
7/05/1998 07:50:00	10.077972005208332
7/05/1998 08:00:00	11.139173177083332
7/05/1998 08:10:00	10.711046549479166
7/05/1998 08:20:00	10.984435221354165
7/05/1998 08:30:00	10.6151171875
7/05/1998 08:40:00	10.812566731770833
7/05/1998 08:50:00	10.979345703124999
7/05/1998 09:00:00	11.573577473958334
7/05/1998 09:10:00	11.082047526041666
7/05/1998 09:20:00	11.381326497395833
7/05/1998 09:30:00	12.250727539062499
7/05/1998 09:40:00	11.648282877604165
7/05/1998 09:50:00	12.012465820312501
7/05/1998 10:00:00	12.402910156249998
7/05/1998 10:10:00	12.632197265624999
7/05/1998 10:20:00	12.5485888671875
7/05/1998 10:30:00	12.389026692708333
7/05/1998 10:40:00	12.683038736979167
7/05/1998 10:50:00	12.933165690104167
7/05/1998 11:00:00	12.866902669270834
7/05/1998 11:10:00	12.942872721354167
7/05/1998 11:20:00	13.515097656250001
7/05/1998 11:30:00	12.923284505208334
7/05/1998 11:40:00	12.117472330729166
7/05/1998 11:50:00	12.276402994791667
7/05/1998 12:00:00	13.296145833333332
7/05/1998 12:10:00	12.792732747395833
7/05/1998 12:20:00	12.162521158854167
7/05/1998 12:30:00	12.525732421875
7/05/1998 12:40:00	12.565489908854167
7/05/1998 12:50:00	12.474060872395832
7/05/1998 13:00:00	11.953012695312502
7/05/1998 13:10:00	12.049047851562502
7/05/1998 13:20:00	12.369695638020833
7/05/1998 13:30:00	12.636541341145833
7/05/1998 13:40:00	11.923478190104166
7/05/1998 13:50:00	12.207462565104167
7/05/1998 14:00:00	11.952423502604166
7/05/1998 14:10:00	12.03060546875
7/05/1998 14:20:00	11.014140625
7/05/1998 14:30:00	10.0426904296875
7/05/1998 14:40:00	10.969104817708333
7/05/1998 14:50:00	10.610989583333332
7/05/1998 15:00:00	10.8067626953125
7/05/1998 15:10:00	11.406565755208334
7/05/1998 15:20:00	10.633929036458332
7/05/1998 15:30:00	10.254052734375
7/05/1998 15:40:00	11.140123697916666
7/05/1998 15:50:00	11.29595703125
7/05/1998 16:00:00	10.924723307291664
7/05/1998 16:10:00	11.005799153645833
7/05/1998 16:20:00	10.513911132812499
7/05/1998 16:30:00	10.427220052083333
7/05/1998 16:40:00	10.5631591796875
7/05/1998 16:50:00	10.725052083333335
7/05/1998 17:00:00	10.129563802083334
7/05/1998 17:10:00	10.1064111328125
7/05/1998 17:20:00	9.789002278645835
7/05/1998 17:30:00	10.027843424479167
7/05/1998 17:40:00	9.549412434895835
7/05/1998 17:50:00	9.618849283854166
7/05/1998 18:00:00	9.015729166666667
7/05/1998 18:10:00	9.024775390625
7/05/1998 18:20:00	9.2933935546875
7/05/1998 18:30:00	8.733343098958333
7/05/1998 18:40:00	8.972597656249999
7/05/1998 18:50:00	8.904078776041667
7/05/1998 19:00:00	8.775501302083333
7/05/1998 19:10:00	8.962949218750001
7/05/1998 19:20:00	9.416123046875
7/05/1998 19:30:00	9.168893229166667
7/05/1998 19:40:00	9.126954752604167
7/05/1998 19:50:00	9.633696289062499
7/05/1998 20:00:00	9.665984700520834
7/05/1998 20:10:00	9.863181966145834
7/05/1998 20:20:00	9.510558268229165
7/05/1998 20:30:00	10.061687825520833
7/05/1998 20:40:00	10.009410807291667
7/05/1998 20:50:00	10.465162760416668
7/05/1998 21:00:00	10.829729817708333
7/05/1998 21:10:00	10.825524088541666
7/05/1998 21:20:00	11.106318359375
7/05/1998 21:30:00	11.1976806640625
7/05/1998 21:40:00	11.255911458333333
7/05/1998 21:50:00	11.018714192708334
7/05/1998 22:00:00	10.976022135416667
7/05/1998 22:10:00	10.237794596354167
7/05/1998 22:20:00	11.437291666666667
7/05/1998 22:30:00	11.376180013020834
7/05/1998 22:40:00	10.906765950520834
7/05/1998 22:50:00	10.9158447265625
7/05/1998 23:00:00	11.623001302083335
7/05/1998 23:10:00	11.2795556640625
7/05/1998 23:20:00	12.161961263020832
7/05/1998 23:30:00	11.68329264322917
7/05/1998 23:40:00	11.195270182291669
7/05/1998 23:50:00	11.517721354166666
7/06/1998 00:00:00	10.912804361979166
7/06/1998 00:10:00	11.021394856770833
7/06/1998 00:20:00	10.362926432291667
7/06/1998 00:30:00	9.494308268229167
7/06/1998 00:40:00	10.134057617187498
7/06/1998 00:50:00	9.876756184895834
7/06/1998 01:00:00	10.228487955729165
7/06/1998 01:10:00	10.721007486979167
7/06/1998 01:20:00	10.368904622395831
7/06/1998 01:30:00	11.218406575520834
7/06/1998 01:40:00	11.1308349609375
7/06/1998 01:50:00	11.715509440104167
7/06/1998 02:00:00	12.266289062500002
7/06/1998 02:10:00	11.96526204427083
7/06/1998 02:20:00	12.454926757812501
7/06/1998 02:30:00	13.889969075520833
7/06/1998 02:40:00	14.042928059895834
7/06/1998 02:50:00	14.113341471354165
7/06/1998 03:00:00	14.238513997395833
7/06/1998 03:10:00	14.559541015624998
7/06/1998 03:20:00	14.973326822916667
7/06/1998 03:30:00	14.824899088541667
7/06/1998 03:40:00	14.641787109374997
7/06/1998 03:50:00	15.022438151041666
7/06/1998 04:00:00	14.553243815104167
7/06/1998 04:10:00	14.711469726562502
7/06/1998 04:20:00	15.410112304687502
7/06/1998 04:30:00	14.764679361979168
7/06/1998 04:40:00	14.370628255208334
7/06/1998 04:50:00	14.553243815104164
7/06/1998 05:00:00	14.952403971354164
7/06/1998 05:10:00	14.681412760416666
7/06/1998 05:20:00	15.151840820312497
7/06/1998 05:30:00	14.224905598958335
7/06/1998 05:40:00	14.574124348958332
7/06/1998 05:50:00	14.056062825520831
7/06/1998 06:00:00	13.9528857421875
7/06/1998 06:10:00	13.483492838541668
7/06/1998 06:20:00	13.735196940104165
7/06/1998 06:30:00	12.856951497395832
7/06/1998 06:40:00	14.372711588541666
7/06/1998 06:50:00	15.157263997395834
7/06/1998 07:00:00	14.5122412109375
7/06/1998 07:10:00	15.093235677083333
7/06/1998 07:20:00	15.96344075520833
7/06/1998 07:30:00	15.520602213541668
7/06/1998 07:40:00	15.878115234374999
7/06/1998 07:50:00	16.89640787760417
7/06/1998 08:00:00	16.619007161458335
7/06/1998 08:10:00	18.051821289062502
7/06/1998 08:20:00	18.977932942708332
7/06/1998 08:30:00	19.015157877604164
7/06/1998 08:40:00	20.00794270833333
7/06/1998 08:50:00	21.00056640625
7/06/1998 09:00:00	21.535659179687496
7/06/1998 09:10:00	21.850164388020836
7/06/1998 09:20:00	22.703554687499995
7/06/1998 09:30:00	22.774142252604168
7/06/1998 09:40:00	22.697146809895834
7/06/1998 09:50:00	21.843019205729167
7/06/1998 10:00:00	23.133696289062502
7/06/1998 10:10:00	23.484020182291665
7/06/1998 10:20:00	23.705758463541663
7/06/1998 10:30:00	23.154982096354168
7/06/1998 10:40:00	23.760719401041666
7/06/1998 10:50:00	23.608155924479167
7/06/1998 11:00:00	23.58355631510417
7/06/1998 11:10:00	24.24750162760417
7/06/1998 11:20:00	23.157862955729165
7/06/1998 11:30:00	23.881357421875
7/06/1998 11:40:00	23.19192057291667
7/06/1998 11:50:00	23.635159505208332
7/06/1998 12:00:00	23.937405598958332
7/06/1998 12:10:00	23.143053385416664
7/06/1998 12:20:00	22.785055338541667
7/06/1998 12:30:00	22.9300146484375
7/06/1998 12:40:00	21.78173828125
7/06/1998 12:50:00	22.365628255208332
7/06/1998 13:00:00	21.73984537760417
7/06/1998 13:10:00	21.114021809895835
7/06/1998 13:20:00	19.921735026041667
7/06/1998 13:30:00	20.460519205729167
7/06/1998 13:40:00	20.702976888020835
7/06/1998 13:50:00	19.6652685546875
7/06/1998 14:00:00	18.865631510416666
7/06/1998 14:10:00	19.428167317708336
7/06/1998 14:20:00	17.591826171875
7/06/1998 14:30:00	18.08133463541667
7/06/1998 14:40:00	18.245476888020836
7/06/1998 14:50:00	17.90193522135417
7/06/1998 15:00:00	18.602179361979164
7/06/1998 15:10:00	18.136944986979167
7/06/1998 15:20:00	18.0441064453125
7/06/1998 15:30:00	18.1218896484375
7/06/1998 15:40:00	18.03056315104167
7/06/1998 15:50:00	17.146204427083337
7/06/1998 16:00:00	16.962796223958332
7/06/1998 16:10:00	17.068131510416666
7/06/1998 16:20:00	17.675782877604167
7/06/1998 16:30:00	17.004757486979166
7/06/1998 16:40:00	17.01566243489583
7/06/1998 16:50:00	16.371847330729167
7/06/1998 17:00:00	16.006246744791667
7/06/1998 17:10:00	16.018263346354168
7/06/1998 17:20:00	15.206586914062502
7/06/1998 17:30:00	14.445821940104167
7/06/1998 17:40:00	14.256728515625
7/06/1998 17:50:00	13.961625976562502
7/06/1998 18:00:00	14.190594075520835
7/06/1998 18:10:00	13.435901692708333
7/06/1998 18:20:00	13.384458007812501
7/06/1998 18:30:00	12.557423502604168
7/06/1998 18:40:00	12.842879231770832
7/06/1998 18:50:00	11.9215380859375
7/06/1998 19:00:00	11.890675455729166
7/06/1998 19:10:00	11.4694140625
7/06/1998 19:20:00	11.404762369791666
7/06/1998 19:30:00	12.2424560546875
7/06/1998 19:40:00	11.752457682291666
7/06/1998 19:50:00	11.896583658854167
7/06/1998 20:00:00	12.078043619791668
7/06/1998 20:10:00	11.823767903645834
7/06/1998 20:20:00	11.583920898437498
7/06/1998 20:30:00	11.513304036458331
7/06/1998 20:40:00	11.892928059895835
7/06/1998 20:50:00	12.123219401041666
7/06/1998 21:00:00	12.011861979166666
7/06/1998 21:10:00	11.720379231770833
7/06/1998 21:20:00	12.129213867187499
7/06/1998 21:30:00	11.538002929687499
7/06/1998 21:40:00	11.511031901041665
7/06/1998 21:50:00	12.144309895833333
7/06/1998 22:00:00	11.615393880208334
7/06/1998 22:10:00	11.431770833333331
7/06/1998 22:20:00	11.330291341145832
7/06/1998 22:30:00	11.6339013671875
7/06/1998 22:40:00	11.655530598958332
7/06/1998 22:50:00	11.556033528645834
7/06/1998 23:00:00	11.378647460937499
7/06/1998 23:10:00	12.085232747395832
7/06/1998 23:20:00	11.870509440104165
7/06/1998 23:30:00	11.673089192708336
7/06/1998 23:40:00	10.858888346354167
7/06/1998 23:50:00	11.134554036458335
7/07/1998 00:00:00	10.749983723958334
7/07/1998 00:10:00	10.421925455729168
7/07/1998 00:20:00	10.406459960937502
7/07/1998 00:30:00	9.480608723958332
7/07/1998 00:40:00	9.580810546875002
7/07/1998 00:50:00	10.052356770833331
7/07/1998 01:00:00	9.701448567708333
7/07/1998 01:10:00	10.614996744791664
7/07/1998 01:20:00	10.019822591145834
7/07/1998 01:30:00	9.918946940104165
7/07/1998 01:40:00	9.917314453125
7/07/1998 01:50:00	10.506389973958331
7/07/1998 02:00:00	10.559181315104166
7/07/1998 02:10:00	10.985198567708334
7/07/1998 02:20:00	10.931466471354167
7/07/1998 02:30:00	11.159923502604167
7/07/1998 02:40:00	10.868776041666667
7/07/1998 02:50:00	11.522888997395833
7/07/1998 03:00:00	12.003961588541667
7/07/1998 03:10:00	11.928855794270834
7/07/1998 03:20:00	11.445011393229166
7/07/1998 03:30:00	11.826940104166667
7/07/1998 03:40:00	12.757320963541666
7/07/1998 03:50:00	12.3437255859375
7/07/1998 04:00:00	11.322877604166667
7/07/1998 04:10:00	12.180584309895833
7/07/1998 04:20:00	12.538566080729167
7/07/1998 04:30:00	12.5193505859375
7/07/1998 04:40:00	12.44982421875
7/07/1998 04:50:00	12.914731445312501
7/07/1998 05:00:00	12.833315429687499
7/07/1998 05:10:00	12.369558919270833
7/07/1998 05:20:00	12.65330078125
7/07/1998 05:30:00	13.158050130208334
7/07/1998 05:40:00	12.559007161458336
7/07/1998 05:50:00	12.691546223958332
7/07/1998 06:00:00	12.800485026041667
7/07/1998 06:10:00	12.250883789062499
7/07/1998 06:20:00	13.36107421875
7/07/1998 06:30:00	12.656310221354165
7/07/1998 06:40:00	14.212814127604167
7/07/1998 06:50:00	13.303227539062501
7/07/1998 07:00:00	12.690590820312499
7/07/1998 07:10:00	15.113767903645837
7/07/1998 07:20:00	15.803266601562502
7/07/1998 07:30:00	15.502781575520833
7/07/1998 07:40:00	15.610102539062499
7/07/1998 07:50:00	15.252364908854165
7/07/1998 08:00:00	16.674197591145834
7/07/1998 08:10:00	18.780144856770836
7/07/1998 08:20:00	18.930911458333338
7/07/1998 08:30:00	19.239780273437496
7/07/1998 08:40:00	19.972908528645835
7/07/1998 08:50:00	21.711210937500002
7/07/1998 09:00:00	21.446640625
7/07/1998 09:10:00	21.562989908854167
7/07/1998 09:20:00	22.9895556640625
7/07/1998 09:30:00	23.033043619791666
7/07/1998 09:40:00	24.1672607421875
7/07/1998 09:50:00	23.60420247395833
7/07/1998 10:00:00	24.898151041666665
7/07/1998 10:10:00	24.858592122395834
7/07/1998 10:20:00	25.481344401041667
7/07/1998 10:30:00	26.30526041666667
7/07/1998 10:40:00	26.865110677083333
7/07/1998 10:50:00	26.538603515625
7/07/1998 11:00:00	26.673129882812503
7/07/1998 11:10:00	26.206461588541668
7/07/1998 11:20:00	25.941049804687502
7/07/1998 11:30:00	21.927024739583334
7/07/1998 11:40:00	21.69027669270833
7/07/1998 11:50:00	26.351689453124997
7/07/1998 12:00:00	26.980263671874997
7/07/1998 12:10:00	26.82842610677083
7/07/1998 12:20:00	27.317050781249996
7/07/1998 12:30:00	26.997587890625
7/07/1998 12:40:00	26.858276367187493
7/07/1998 12:50:00	28.0341552734375
7/07/1998 13:00:00	27.952158203125
7/07/1998 13:10:00	28.08158040364583
7/07/1998 13:20:00	27.066909179687503
7/07/1998 13:30:00	27.66822265625
7/07/1998 13:40:00	26.032001953125
7/07/1998 13:50:00	28.249002278645833
7/07/1998 14:00:00	29.413108723958334
7/07/1998 14:10:00	30.235193684895837
7/07/1998 14:20:00	31.573885091145836
7/07/1998 14:30:00	31.936489257812504
7/07/1998 14:40:00	34.796689453125
7/07/1998 14:50:00	44.6186083984375
7/07/1998 15:00:00	77.87683919270833
7/07/1998 15:10:00	105.90758626302083
7/07/1998 15:20:00	125.69908854166667
7/07/1998 15:30:00	138.42775390625
7/07/1998 15:40:00	154.82943196614582
7/07/1998 15:50:00	137.90845377604165
7/07/1998 16:00:00	163.66858235677083
7/07/1998 16:10:00	169.14510579427082
7/07/1998 16:20:00	175.1902229817708
7/07/1998 16:30:00	184.42810384114583
7/07/1998 16:40:00	203.57764485677083
7/07/1998 16:50:00	223.04944010416665
7/07/1998 17:00:00	209.30095703125
7/07/1998 17:10:00	218.847744140625
7/07/1998 17:20:00	232.66062337239583
7/07/1998 17:30:00	262.6282389322917
7/07/1998 17:40:00	242.17807291666668
7/07/1998 17:50:00	137.05829915364583
7/07/1998 18:00:00	104.02985514322916
7/07/1998 18:10:00	76.38191569010417
7/07/1998 18:20:00	66.32665852864584
7/07/1998 18:30:00	59.230502929687496
7/07/1998 18:40:00	44.03346516927085
7/07/1998 18:50:00	30.91744140625
7/07/1998 19:00:00	27.554694010416664
7/07/1998 19:10:00	25.75861002604167
7/07/1998 19:20:00	24.051554361979168
7/07/1998 19:30:00	24.830322265625
7/07/1998 19:40:00	23.937709960937497
7/07/1998 19:50:00	24.028037109375
7/07/1998 20:00:00	24.204549153645832
7/07/1998 20:10:00	24.33931640625
7/07/1998 20:20:00	22.721297200520837
7/07/1998 20:30:00	23.254283854166665
7/07/1998 20:40:00	22.31242024739583
7/07/1998 20:50:00	22.1282666015625
7/07/1998 21:00:00	21.868557942708332
7/07/1998 21:10:00	20.672578125
7/07/1998 21:20:00	20.329054361979168
7/07/1998 21:30:00	19.40808430989583
7/07/1998 21:40:00	19.3927978515625
7/07/1998 21:50:00	18.57124348958333
7/07/1998 22:00:00	17.357093098958334
7/07/1998 22:10:00	17.412757161458334
7/07/1998 22:20:00	15.932460937500002
7/07/1998 22:30:00	15.55115234375
7/07/1998 22:40:00	16.6295361328125
7/07/1998 22:50:00	16.94572428385417
7/07/1998 23:00:00	16.6510400390625
7/07/1998 23:10:00	16.055130208333335
7/07/1998 23:20:00	16.149342447916666
7/07/1998 23:30:00	16.164998372395832
7/07/1998 23:40:00	15.180613606770834
7/07/1998 23:50:00	15.305258789062501
7/08/1998 00:00:00	14.664827473958331
7/08/1998 00:10:00	14.087615559895834
7/08/1998 00:20:00	13.863738606770834
7/08/1998 00:30:00	13.413154296874998
7/08/1998 00:40:00	14.166650390624998
7/08/1998 00:50:00	13.451604817708333
7/08/1998 01:00:00	13.249326171875001
7/08/1998 01:10:00	13.533076171874999
7/08/1998 01:20:00	13.8078759765625
7/08/1998 01:30:00	13.936803385416667
7/08/1998 01:40:00	14.406272786458334
7/08/1998 01:50:00	14.344785156250001
7/08/1998 02:00:00	15.0046240234375
7/08/1998 02:10:00	14.493470052083333
7/08/1998 02:20:00	13.843442382812498
7/08/1998 02:30:00	15.630359700520836
7/08/1998 02:40:00	15.071240234375
7/08/1998 02:50:00	14.870126953125
7/08/1998 03:00:00	15.878793945312504
7/08/1998 03:10:00	15.788927408854168
7/08/1998 03:20:00	15.373162434895832
7/08/1998 03:30:00	15.183935546874997
7/08/1998 03:40:00	14.758162434895834
7/08/1998 03:50:00	15.013902994791668
7/08/1998 04:00:00	15.430782877604168
7/08/1998 04:10:00	15.237244466145833
7/08/1998 04:20:00	14.260615234375
7/08/1998 04:30:00	13.666925455729166
7/08/1998 04:40:00	13.523286132812501
7/08/1998 04:50:00	14.357058919270836
7/08/1998 05:00:00	13.729501953125
7/08/1998 05:10:00	14.745517578125
7/08/1998 05:20:00	14.311453450520833
7/08/1998 05:30:00	13.456604817708333
7/08/1998 05:40:00	13.216339518229168
7/08/1998 05:50:00	13.864147135416664
7/08/1998 06:00:00	14.215955403645832
7/08/1998 06:10:00	13.715909830729169
7/08/1998 06:20:00	13.736964518229167
7/08/1998 06:30:00	13.941902669270831
7/08/1998 06:40:00	13.48861328125
7/08/1998 06:50:00	14.33666015625
7/08/1998 07:00:00	13.61639811197917
7/08/1998 07:10:00	14.407928059895834
7/08/1998 07:20:00	14.482823893229167
7/08/1998 07:30:00	15.329666341145833
7/08/1998 07:40:00	14.96303548177083
7/08/1998 07:50:00	16.4146337890625
7/08/1998 08:00:00	17.45780924479167
7/08/1998 08:10:00	18.121881510416667
7/08/1998 08:20:00	18.342843424479163
7/08/1998 08:30:00	19.789879557291663
7/08/1998 08:40:00	20.497306315104165
7/08/1998 08:50:00	21.841837565104164
7/08/1998 09:00:00	22.306891276041668
7/08/1998 09:10:00	22.154928385416667
7/08/1998 09:20:00	20.76851236979167
7/08/1998 09:30:00	23.034261067708336
7/08/1998 09:40:00	23.22890462239583
7/08/1998 09:50:00	22.639510091145837
7/08/1998 10:00:00	22.662861328124997
7/08/1998 10:10:00	22.778120117187502
7/08/1998 10:20:00	23.930208333333333
7/08/1998 10:30:00	23.62179850260417
7/08/1998 10:40:00	22.809449869791667
7/08/1998 10:50:00	23.411105143229168
7/08/1998 11:00:00	23.869654947916665
7/08/1998 11:10:00	22.82663736979167
7/08/1998 11:20:00	23.655851236979167
7/08/1998 11:30:00	23.301679687499995
7/08/1998 11:40:00	23.999482421875
7/08/1998 11:50:00	24.11794759114583
7/08/1998 12:00:00	24.458028971354167
7/08/1998 12:10:00	24.14827799479167
7/08/1998 12:20:00	25.949161783854162
7/08/1998 12:30:00	25.405470377604168
7/08/1998 12:40:00	25.225904947916668
7/08/1998 12:50:00	24.984811197916667
7/08/1998 13:00:00	24.587154947916666
7/08/1998 13:10:00	24.238746744791666
7/08/1998 13:20:00	23.100450846354164
7/08/1998 13:30:00	24.270568033854165
7/08/1998 13:40:00	24.6582958984375
7/08/1998 13:50:00	25.07073893229167
7/08/1998 14:00:00	25.085421549479165
7/08/1998 14:10:00	26.91384765625
7/08/1998 14:20:00	27.12872395833333
7/08/1998 14:30:00	27.932695312499998
7/08/1998 14:40:00	31.61815266927083
7/08/1998 14:50:00	43.293430989583335
7/08/1998 15:00:00	77.18651041666666
7/08/1998 15:10:00	104.1234130859375
7/08/1998 15:20:00	127.57781738281251
7/08/1998 15:30:00	147.09601399739583
7/08/1998 15:40:00	163.86793619791666
7/08/1998 15:50:00	166.45060872395834
7/08/1998 16:00:00	182.27103678385419
7/08/1998 16:10:00	192.00138183593748
7/08/1998 16:20:00	200.79268554687502
7/08/1998 16:30:00	215.13475260416666
7/08/1998 16:40:00	230.57806152343747
7/08/1998 16:50:00	263.46477539062505
7/08/1998 17:00:00	143.21807779947915
7/08/1998 17:10:00	63.98534505208333
7/08/1998 17:20:00	53.442501627604166
7/08/1998 17:30:00	46.6869873046875
7/08/1998 17:40:00	41.964078776041674
7/08/1998 17:50:00	38.44193359375
7/08/1998 18:00:00	32.749482421875
7/08/1998 18:10:00	31.23303873697917
7/08/1998 18:20:00	27.320349934895837
7/08/1998 18:30:00	26.318914388020836
7/08/1998 18:40:00	24.519806315104166
7/08/1998 18:50:00	23.397141927083336
7/08/1998 19:00:00	23.4336083984375
7/08/1998 19:10:00	22.644290364583334
7/08/1998 19:20:00	21.7541748046875
7/08/1998 19:30:00	20.8795458984375
7/08/1998 19:40:00	20.98539388020833
7/08/1998 19:50:00	21.483837890624997
7/08/1998 20:00:00	20.49121907552083
7/08/1998 20:10:00	20.876554361979167
7/08/1998 20:20:00	21.871210937500003
7/08/1998 20:30:00	21.509440104166664
7/08/1998 20:40:00	20.4222314453125
7/08/1998 20:50:00	20.013115234375
7/08/1998 21:00:00	19.252849934895835
7/08/1998 21:10:00	19.84705891927083
7/08/1998 21:20:00	18.208432617187498
7/08/1998 21:30:00	17.946769205729165
7/08/1998 21:40:00	17.727643229166667
7/08/1998 21:50:00	16.256803385416667
7/08/1998 22:00:00	16.511971028645835
7/08/1998 22:10:00	15.529210611979167
7/08/1998 22:20:00	15.51242838541667
7/08/1998 22:30:00	15.069010416666663
7/08/1998 22:40:00	15.1669921875
7/08/1998 22:50:00	15.109300130208334
7/08/1998 23:00:00	15.38704264322917
7/08/1998 23:10:00	15.970408528645834
7/08/1998 23:20:00	15.129005533854166
7/08/1998 23:30:00	14.724524739583334
7/08/1998 23:40:00	15.007760416666665
7/08/1998 23:50:00	13.965214843750001
7/09/1998 00:00:00	13.715598958333334
7/09/1998 00:10:00	13.90411783854167
7/09/1998 00:20:00	13.059651692708332
7/09/1998 00:30:00	13.329973958333332
7/09/1998 00:40:00	13.035460611979167
7/09/1998 00:50:00	12.587535807291667
7/09/1998 01:00:00	12.714497070312499
7/09/1998 01:10:00	12.160094401041667
7/09/1998 01:20:00	12.421110026041665
7/09/1998 01:30:00	12.677247721354169
7/09/1998 01:40:00	12.799700520833333
7/09/1998 01:50:00	13.111124674479168
7/09/1998 02:00:00	14.189173177083333
7/09/1998 02:10:00	13.406315104166666
7/09/1998 02:20:00	13.540260416666666
7/09/1998 02:30:00	14.070362955729166
7/09/1998 02:40:00	12.871121419270835
7/09/1998 02:50:00	13.541974283854165
7/09/1998 03:00:00	14.020428059895831
7/09/1998 03:10:00	14.106189778645831
7/09/1998 03:20:00	14.041686197916667
7/09/1998 03:30:00	14.18587890625
7/09/1998 03:40:00	13.947309570312498
7/09/1998 03:50:00	14.658015950520834
7/09/1998 04:00:00	14.209244791666668
7/09/1998 04:10:00	15.135270182291668
7/09/1998 04:20:00	15.104944661458333
7/09/1998 04:30:00	13.9721923828125
7/09/1998 04:40:00	13.739970703125
7/09/1998 04:50:00	13.637696940104167
7/09/1998 05:00:00	13.103157552083335
7/09/1998 05:10:00	13.267801106770833
7/09/1998 05:20:00	12.933085937500001
7/09/1998 05:30:00	12.761380208333332
7/09/1998 05:40:00	13.05671223958333
7/09/1998 05:50:00	12.878610026041667
7/09/1998 06:00:00	12.959969075520835
7/09/1998 06:10:00	13.278590494791668
7/09/1998 06:20:00	12.0863916015625
7/09/1998 06:30:00	12.168968098958334
7/09/1998 06:40:00	12.4058203125
7/09/1998 06:50:00	12.323040364583331
7/09/1998 07:00:00	12.554591471354167
7/09/1998 07:10:00	13.1733251953125
7/09/1998 07:20:00	13.596822916666667
7/09/1998 07:30:00	14.505013020833331
7/09/1998 07:40:00	14.530379231770834
7/09/1998 07:50:00	13.998523763020833
7/09/1998 08:00:00	14.867866210937498
7/09/1998 08:10:00	16.28679361979167
7/09/1998 08:20:00	17.94168619791667
7/09/1998 08:30:00	16.868058268229166
7/09/1998 08:40:00	17.922255859375
7/09/1998 08:50:00	17.497630208333334
7/09/1998 09:00:00	18.5996484375
7/09/1998 09:10:00	18.262285156249998
7/09/1998 09:20:00	18.967413736979164
7/09/1998 09:30:00	18.845732421875
7/09/1998 09:40:00	18.895486653645836
7/09/1998 09:50:00	18.61306640625
7/09/1998 10:00:00	19.28605631510417
7/09/1998 10:10:00	18.917063802083337
7/09/1998 10:20:00	18.877119140625
7/09/1998 10:30:00	18.841707356770833
7/09/1998 10:40:00	18.425517578125
7/09/1998 10:50:00	18.772198893229167
7/09/1998 11:00:00	18.52168619791667
7/09/1998 11:10:00	18.523527018229167
7/09/1998 11:20:00	18.8326513671875
7/09/1998 11:30:00	17.622690429687502
7/09/1998 11:40:00	17.62623860677083
7/09/1998 11:50:00	18.385735677083332
7/09/1998 12:00:00	18.5575146484375
7/09/1998 12:10:00	19.296513671875
7/09/1998 12:20:00	19.02890462239584
7/09/1998 12:30:00	16.475887044270834
7/09/1998 12:40:00	17.31951822916667
7/09/1998 12:50:00	16.856381835937498
7/09/1998 13:00:00	17.09457356770833
7/09/1998 13:10:00	15.524703776041667
7/09/1998 13:20:00	16.19971516927083
7/09/1998 13:30:00	15.663253580729165
7/09/1998 13:40:00	16.430377604166665
7/09/1998 13:50:00	14.919619140624999
7/09/1998 14:00:00	14.161285807291668
7/09/1998 14:10:00	14.580935872395832
7/09/1998 14:20:00	15.444287109375
7/09/1998 14:30:00	15.068087565104168
7/09/1998 14:40:00	14.037639973958331
7/09/1998 14:50:00	14.662664388020834
7/09/1998 15:00:00	14.582280273437501
7/09/1998 15:10:00	14.294073893229164
7/09/1998 15:20:00	15.416761067708336
7/09/1998 15:30:00	14.450149739583335
7/09/1998 15:40:00	13.780026041666668
7/09/1998 15:50:00	13.977861328125002
7/09/1998 16:00:00	14.359931640625001
7/09/1998 16:10:00	13.751482747395835
7/09/1998 16:20:00	13.258138020833334
7/09/1998 16:30:00	12.884886067708333
7/09/1998 16:40:00	12.856162109375001
7/09/1998 16:50:00	13.588426106770834
7/09/1998 17:00:00	13.323984374999998
7/09/1998 17:10:00	13.354436848958333
7/09/1998 17:20:00	11.917789713541667
7/09/1998 17:30:00	12.710328776041665
7/09/1998 17:40:00	10.743520507812502
7/09/1998 17:50:00	10.3016015625
7/09/1998 18:00:00	10.590232747395834
7/09/1998 18:10:00	9.930891927083334
7/09/1998 18:20:00	9.9323583984375
7/09/1998 18:30:00	9.867550455729168
7/09/1998 18:40:00	8.9534912109375
7/09/1998 18:50:00	8.612776692708334
7/09/1998 19:00:00	9.385615234375
7/09/1998 19:10:00	8.358610026041665
7/09/1998 19:20:00	8.805725911458333
7/09/1998 19:30:00	9.034163411458334
7/09/1998 19:40:00	8.636686197916667
7/09/1998 19:50:00	8.404357096354167
7/09/1998 20:00:00	8.609768880208335
7/09/1998 20:10:00	9.1919287109375
7/09/1998 20:20:00	8.112262369791665
7/09/1998 20:30:00	8.735335286458334
7/09/1998 20:40:00	8.492003580729167
7/09/1998 20:50:00	9.087880859375
7/09/1998 21:00:00	8.930760091145832
7/09/1998 21:10:00	8.3918603515625
7/09/1998 21:20:00	8.715022786458333
7/09/1998 21:30:00	8.206661783854166
7/09/1998 21:40:00	9.165265299479167
7/09/1998 21:50:00	7.993793945312501
7/09/1998 22:00:00	8.67490234375
7/09/1998 22:10:00	8.184306640625
7/09/1998 22:20:00	8.448597005208333
7/09/1998 22:30:00	8.410367838541665
7/09/1998 22:40:00	8.225242513020834
7/09/1998 22:50:00	8.323318684895833
7/09/1998 23:00:00	8.6241064453125
7/09/1998 23:10:00	8.792784830729167
7/09/1998 23:20:00	8.844866536458333
7/09/1998 23:30:00	9.356254882812502
7/09/1998 23:40:00	8.716463216145833
7/09/1998 23:50:00	9.055242513020833
7/10/1998 00:00:00	8.0045361328125
7/10/1998 00:10:00	7.778334960937499
7/10/1998 00:20:00	7.446264648437499
7/10/1998 00:30:00	7.657908528645834
7/10/1998 00:40:00	7.2855387369791655
7/10/1998 00:50:00	7.3062109374999995
7/10/1998 01:00:00	7.611695963541668
7/10/1998 01:10:00	7.129850260416667
7/10/1998 01:20:00	7.538561197916667
7/10/1998 01:30:00	7.907516276041666
7/10/1998 01:40:00	7.2789078776041665
7/10/1998 01:50:00	8.079329427083334
7/10/1998 02:00:00	7.4381201171875
7/10/1998 02:10:00	8.034689127604167
7/10/1998 02:20:00	7.762057291666667
7/10/1998 02:30:00	7.441285807291666
7/10/1998 02:40:00	8.3608837890625
7/10/1998 02:50:00	8.421510416666667
7/10/1998 03:00:00	8.531917317708333
7/10/1998 03:10:00	8.4697802734375
7/10/1998 03:20:00	8.713597005208333
7/10/1998 03:30:00	8.697884114583335
7/10/1998 03:40:00	8.832596028645835
7/10/1998 03:50:00	8.6281201171875
7/10/1998 04:00:00	8.5965576171875
7/10/1998 04:10:00	9.316077473958334
7/10/1998 04:20:00	9.823911132812501
7/10/1998 04:30:00	10.542213541666667
7/10/1998 04:40:00	10.735359700520835
7/10/1998 04:50:00	9.886621093750001
7/10/1998 05:00:00	9.288955078125
7/10/1998 05:10:00	9.261049804687499
7/10/1998 05:20:00	8.837163085937501
7/10/1998 05:30:00	9.570843098958335
7/10/1998 05:40:00	10.388694661458333
7/10/1998 05:50:00	10.429855143229165
7/10/1998 06:00:00	9.077122395833332
7/10/1998 06:10:00	9.3532373046875
7/10/1998 06:20:00	9.637849934895833
7/10/1998 06:30:00	9.121075846354168
7/10/1998 06:40:00	9.315678710937501
7/10/1998 06:50:00	10.094039713541667
7/10/1998 07:00:00	10.086324869791666
7/10/1998 07:10:00	10.242817382812499
7/10/1998 07:20:00	9.889396158854165
7/10/1998 07:30:00	9.97103515625
7/10/1998 07:40:00	10.624656575520833
7/10/1998 07:50:00	10.540948893229167
7/10/1998 08:00:00	10.604804687499998
7/10/1998 08:10:00	10.965828450520835
7/10/1998 08:20:00	11.635372721354168
7/10/1998 08:30:00	12.223492838541668
7/10/1998 08:40:00	12.066541341145832
7/10/1998 08:50:00	12.642405598958334
7/10/1998 09:00:00	12.795945638020834
7/10/1998 09:10:00	13.354337565104169
7/10/1998 09:20:00	13.002985026041666
7/10/1998 09:30:00	13.280209960937498
7/10/1998 09:40:00	13.393110351562502
7/10/1998 09:50:00	13.894350585937499
7/10/1998 10:00:00	14.525364583333333
7/10/1998 10:10:00	14.209428710937498
7/10/1998 10:20:00	14.4280908203125
7/10/1998 10:30:00	14.362101236979166
7/10/1998 10:40:00	14.410096028645835
7/10/1998 10:50:00	15.265974934895832
7/10/1998 11:00:00	14.087220052083333
7/10/1998 11:10:00	14.635506184895835
7/10/1998 11:20:00	14.710100911458332
7/10/1998 11:30:00	14.0925048828125
7/10/1998 11:40:00	14.336923828125
7/10/1998 11:50:00	13.397016601562502
7/10/1998 12:00:00	13.760603841145832
7/10/1998 12:10:00	14.618717447916666
7/10/1998 12:20:00	13.713761393229166
7/10/1998 12:30:00	13.990506184895835
7/10/1998 12:40:00	14.123369140624998
7/10/1998 12:50:00	13.023404947916665
7/10/1998 13:00:00	13.740294596354167
7/10/1998 13:10:00	13.865812174479169
7/10/1998 13:20:00	13.321251627604166
7/10/1998 13:30:00	12.524944661458335
7/10/1998 13:40:00	12.495367838541664
7/10/1998 13:50:00	12.723328450520833
7/10/1998 14:00:00	12.268859049479165
7/10/1998 14:10:00	12.158730468749999
7/10/1998 14:20:00	12.0832861328125
7/10/1998 14:30:00	12.112171223958333
7/10/1998 14:40:00	12.369348958333333
7/10/1998 14:50:00	11.789178059895834
7/10/1998 15:00:00	12.3508056640625
7/10/1998 15:10:00	12.107666015625
7/10/1998 15:20:00	11.911562499999999
7/10/1998 15:30:00	12.512236328125002
7/10/1998 15:40:00	13.399091796875002
7/10/1998 15:50:00	12.766640625
7/10/1998 16:00:00	12.713240559895834
7/10/1998 16:10:00	12.956139322916666
7/10/1998 16:20:00	12.954031575520835
7/10/1998 16:30:00	12.04662109375
7/10/1998 16:40:00	12.5695654296875
7/10/1998 16:50:00	12.433310546875
7/10/1998 17:00:00	11.43042317708333
7/10/1998 17:10:00	11.264119466145832
7/10/1998 17:20:00	10.417802734374998
7/10/1998 17:30:00	10.3687939453125
7/10/1998 17:40:00	10.570537109375
7/10/1998 17:50:00	9.964964192708333
7/10/1998 18:00:00	9.806114908854166
7/10/1998 18:10:00	9.499099934895835
7/10/1998 18:20:00	8.774567057291666
7/10/1998 18:30:00	8.701113281249999
7/10/1998 18:40:00	8.177327473958332
7/10/1998 18:50:00	8.0385009765625
7/10/1998 19:00:00	7.814088541666666
7/10/1998 19:10:00	7.9039990234375
7/10/1998 19:20:00	7.3371630859375
7/10/1998 19:30:00	7.379765625
7/10/1998 19:40:00	7.364129231770834
7/10/1998 19:50:00	7.503551432291667
7/10/1998 20:00:00	7.5829541015625015
7/10/1998 20:10:00	7.503691406250001
7/10/1998 20:20:00	8.008655598958333
7/10/1998 20:30:00	7.876285807291668
7/10/1998 20:40:00	7.490502929687499
7/10/1998 20:50:00	7.2595019531250005
7/10/1998 21:00:00	7.367830403645833
7/10/1998 21:10:00	7.244886067708333
7/10/1998 21:20:00	8.0683154296875
7/10/1998 21:30:00	7.6506152343750005
7/10/1998 21:40:00	7.456160481770833
7/10/1998 21:50:00	6.7846077473958335
7/10/1998 22:00:00	7.900577799479166
7/10/1998 22:10:00	7.397057291666667
7/10/1998 22:20:00	7.455576171875
7/10/1998 22:30:00	7.852024739583333
7/10/1998 22:40:00	7.740154622395832
7/10/1998 22:50:00	7.011095377604167
7/10/1998 23:00:00	7.371018880208334
7/10/1998 23:10:00	7.200662434895834
7/10/1998 23:20:00	7.1419775390625
7/10/1998 23:30:00	7.371572265625
7/10/1998 23:40:00	7.2403564453125
7/10/1998 23:50:00	6.914223632812499
7/11/1998 00:00:00	7.200875651041666
7/11/1998 00:10:00	6.832444661458334
7/11/1998 00:20:00	7.056009114583334
7/11/1998 00:30:00	6.646376953124999
7/11/1998 00:40:00	6.992233072916666
7/11/1998 00:50:00	6.923177083333333
7/11/1998 01:00:00	5.805146484375
7/11/1998 01:10:00	5.912374674479166
7/11/1998 01:20:00	5.8354720052083335
7/11/1998 01:30:00	5.773712565104167
7/11/1998 01:40:00	5.499640299479166
7/11/1998 01:50:00	5.569951171874999
7/11/1998 02:00:00	5.7780989583333335
7/11/1998 02:10:00	5.603445638020832
7/11/1998 02:20:00	5.459593098958334
7/11/1998 02:30:00	5.441490885416666
7/11/1998 02:40:00	5.311235351562501
7/11/1998 02:50:00	5.1213981119791665
7/11/1998 03:00:00	5.484646809895833
7/11/1998 03:10:00	5.554064127604167
7/11/1998 03:20:00	4.9601171875
7/11/1998 03:30:00	5.235314127604166
7/11/1998 03:40:00	5.590310872395834
7/11/1998 03:50:00	5.4491569010416665
7/11/1998 04:00:00	5.961043294270832
7/11/1998 04:10:00	5.379065755208333
7/11/1998 04:20:00	5.363494466145832
7/11/1998 04:30:00	5.556761067708333
7/11/1998 04:40:00	5.2829052734375
7/11/1998 04:50:00	5.442067057291665
7/11/1998 05:00:00	5.749666341145835
7/11/1998 05:10:00	5.620937499999999
7/11/1998 05:20:00	5.601243489583334
7/11/1998 05:30:00	5.675538736979166
7/11/1998 05:40:00	5.370408528645833
7/11/1998 05:50:00	5.3373193359375
7/11/1998 06:00:00	5.628650716145833
7/11/1998 06:10:00	5.619072265625
7/11/1998 06:20:00	5.685841471354166
7/11/1998 06:30:00	5.716710611979167
7/11/1998 06:40:00	5.407080078125
7/11/1998 06:50:00	5.586474609375
7/11/1998 07:00:00	5.724484049479166
7/11/1998 07:10:00	5.191844075520832
7/11/1998 07:20:00	5.412013346354167
7/11/1998 07:30:00	5.730416666666667
7/11/1998 07:40:00	5.9371988932291675
7/11/1998 07:50:00	6.072426757812499
7/11/1998 08:00:00	6.0928955078125
7/11/1998 08:10:00	6.647674153645833
7/11/1998 08:20:00	6.66087890625
7/11/1998 08:30:00	6.561375325520833
7/11/1998 08:40:00	6.360065104166667
7/11/1998 08:50:00	6.454259440104167
7/11/1998 09:00:00	7.201988932291667
7/11/1998 09:10:00	6.6174511718749995
7/11/1998 09:20:00	7.735501302083333
7/11/1998 09:30:00	7.289182942708334
7/11/1998 09:40:00	7.6658349609375
7/11/1998 09:50:00	7.367137044270832
7/11/1998 10:00:00	7.713155924479166
7/11/1998 10:10:00	7.824308268229167
7/11/1998 10:20:00	8.273102213541666
7/11/1998 10:30:00	8.874664713541666
7/11/1998 10:40:00	9.275694986979165
7/11/1998 10:50:00	9.6938720703125
7/11/1998 11:00:00	9.0002783203125
7/11/1998 11:10:00	9.082041015624998
7/11/1998 11:20:00	9.3368115234375
7/11/1998 11:30:00	9.614171549479169
7/11/1998 11:40:00	9.715924479166665
7/11/1998 11:50:00	8.974931640625002
7/11/1998 12:00:00	9.861975911458334
7/11/1998 12:10:00	9.940813802083333
7/11/1998 12:20:00	9.892784830729168
7/11/1998 12:30:00	9.433846028645835
7/11/1998 12:40:00	9.789910481770834
7/11/1998 12:50:00	9.0260009765625
7/11/1998 13:00:00	9.756839192708332
7/11/1998 13:10:00	9.917067057291668
7/11/1998 13:20:00	9.678260091145834
7/11/1998 13:30:00	9.967197265624998
7/11/1998 13:40:00	9.946209309895833
7/11/1998 13:50:00	9.864544270833333
7/11/1998 14:00:00	9.619514973958335
7/11/1998 14:10:00	9.49080078125
7/11/1998 14:20:00	10.429420572916667
7/11/1998 14:30:00	9.608181966145832
7/11/1998 14:40:00	9.662605794270831
7/11/1998 14:50:00	9.75357421875
7/11/1998 15:00:00	11.161110026041666
7/11/1998 15:10:00	13.032888997395833
7/11/1998 15:20:00	15.610099283854169
7/11/1998 15:30:00	16.213046874999996
7/11/1998 15:40:00	17.95888834635417
7/11/1998 15:50:00	18.51638834635417
7/11/1998 16:00:00	18.0174462890625
7/11/1998 16:10:00	18.687514648437503
7/11/1998 16:20:00	18.658536783854167
7/11/1998 16:30:00	18.500685221354168
7/11/1998 16:40:00	19.9645703125
7/11/1998 16:50:00	21.02313639322917
7/11/1998 17:00:00	18.242555338541667
7/11/1998 17:10:00	15.186678059895835
7/11/1998 17:20:00	13.269637044270832
7/11/1998 17:30:00	13.0721240234375
7/11/1998 17:40:00	12.200978190104165
7/11/1998 17:50:00	12.2231640625
7/11/1998 18:00:00	11.802195638020834
7/11/1998 18:10:00	11.585257161458333
7/11/1998 18:20:00	11.426961263020834
7/11/1998 18:30:00	10.9223974609375
7/11/1998 18:40:00	10.300641276041668
7/11/1998 18:50:00	10.777822265625
7/11/1998 19:00:00	10.449213867187499
7/11/1998 19:10:00	10.273321940104168
7/11/1998 19:20:00	9.997039388020834
7/11/1998 19:30:00	9.632057291666666
7/11/1998 19:40:00	10.209319661458334
7/11/1998 19:50:00	9.536201171875
7/11/1998 20:00:00	10.56947265625
7/11/1998 20:10:00	9.576878255208333
7/11/1998 20:20:00	9.8416552734375
7/11/1998 20:30:00	10.349614257812501
7/11/1998 20:40:00	10.136007486979166
7/11/1998 20:50:00	10.827644856770833
7/11/1998 21:00:00	10.512503255208333
7/11/1998 21:10:00	10.327688802083333
7/11/1998 21:20:00	9.700452473958332
7/11/1998 21:30:00	9.362576497395832
7/11/1998 21:40:00	9.3336328125
7/11/1998 21:50:00	10.254425455729166
7/11/1998 22:00:00	9.376971028645835
7/11/1998 22:10:00	10.535524088541667
7/11/1998 22:20:00	9.701321614583335
7/11/1998 22:30:00	9.6500048828125
7/11/1998 22:40:00	9.183927408854167
7/11/1998 22:50:00	9.9023681640625
7/11/1998 23:00:00	9.706363932291666
7/11/1998 23:10:00	9.527071940104168
7/11/1998 23:20:00	9.266857096354167
7/11/1998 23:30:00	9.628531901041665
7/11/1998 23:40:00	9.672200520833334
7/11/1998 23:50:00	9.179767252604167
7/12/1998 00:00:00	9.719749348958334
7/12/1998 00:10:00	8.915654296875
7/12/1998 00:20:00	8.600914713541666
7/12/1998 00:30:00	8.145945638020832
7/12/1998 00:40:00	8.007880859375
7/12/1998 00:50:00	7.709490559895832
7/12/1998 01:00:00	7.988362630208334
7/12/1998 01:10:00	7.9336539713541665
7/12/1998 01:20:00	7.966342773437499
7/12/1998 01:30:00	7.874720052083333
7/12/1998 01:40:00	7.227376302083333
7/12/1998 01:50:00	7.348624674479167
7/12/1998 02:00:00	7.3341292317708335
7/12/1998 02:10:00	6.7105094401041665
7/12/1998 02:20:00	6.994755859375
7/12/1998 02:30:00	6.709309895833334
7/12/1998 02:40:00	6.587888997395834
7/12/1998 02:50:00	6.783395182291668
7/12/1998 03:00:00	6.966713867187499
7/12/1998 03:10:00	6.2697965494791665
7/12/1998 03:20:00	6.425125325520834
7/12/1998 03:30:00	6.563746744791667
7/12/1998 03:40:00	6.505362955729166
7/12/1998 03:50:00	6.498806966145833
7/12/1998 04:00:00	6.637941080729166
7/12/1998 04:10:00	6.5075439453125
7/12/1998 04:20:00	6.926030273437499
7/12/1998 04:30:00	6.7819222005208335
7/12/1998 04:40:00	6.518134765624998
7/12/1998 04:50:00	6.364837239583333
7/12/1998 05:00:00	7.1592041015625
7/12/1998 05:10:00	6.230859375
7/12/1998 05:20:00	6.477413736979168
7/12/1998 05:30:00	6.004186197916667
7/12/1998 05:40:00	6.132482096354165
7/12/1998 05:50:00	6.707897135416668
7/12/1998 06:00:00	7.388142903645833
7/12/1998 06:10:00	7.3652506510416655
7/12/1998 06:20:00	7.673426106770835
7/12/1998 06:30:00	7.580670572916667
7/12/1998 06:40:00	7.256759440104166
7/12/1998 06:50:00	7.025388997395832
7/12/1998 07:00:00	7.489853515625001
7/12/1998 07:10:00	6.871749674479166
7/12/1998 07:20:00	6.569972330729167
7/12/1998 07:30:00	7.2182568359375
7/12/1998 07:40:00	7.3146419270833345
7/12/1998 07:50:00	7.306188151041665
7/12/1998 08:00:00	7.822537434895833
7/12/1998 08:10:00	8.054220377604166
7/12/1998 08:20:00	7.239622395833334
7/12/1998 08:30:00	8.088899739583335
7/12/1998 08:40:00	8.555286458333333
7/12/1998 08:50:00	8.767884114583333
7/12/1998 09:00:00	8.971458333333333
7/12/1998 09:10:00	9.226557617187499
7/12/1998 09:20:00	9.4900244140625
7/12/1998 09:30:00	9.652415364583334
7/12/1998 09:40:00	10.345828450520834
7/12/1998 09:50:00	10.386144205729165
7/12/1998 10:00:00	10.9137255859375
7/12/1998 10:10:00	10.532537434895833
7/12/1998 10:20:00	10.687309570312499
7/12/1998 10:30:00	10.9098095703125
7/12/1998 10:40:00	10.691850585937498
7/12/1998 10:50:00	10.523037109375
7/12/1998 11:00:00	11.357047526041665
7/12/1998 11:10:00	11.916435546875
7/12/1998 11:20:00	12.267552083333332
7/12/1998 11:30:00	12.335125325520833
7/12/1998 11:40:00	11.873723958333334
7/12/1998 11:50:00	12.160506184895834
7/12/1998 12:00:00	12.492994791666668
7/12/1998 12:10:00	13.05990234375
7/12/1998 12:20:00	13.363714192708333
7/12/1998 12:30:00	13.263134765625
7/12/1998 12:40:00	13.408282877604165
7/12/1998 12:50:00	13.031075846354167
7/12/1998 13:00:00	13.427970377604165
7/12/1998 13:10:00	13.647493489583335
7/12/1998 13:20:00	14.210984700520834
7/12/1998 13:30:00	15.20012369791667
7/12/1998 13:40:00	14.570393880208332
7/12/1998 13:50:00	15.992698567708334
7/12/1998 14:00:00	16.087698567708337
7/12/1998 14:10:00	16.7693359375
7/12/1998 14:20:00	15.913489583333334
7/12/1998 14:30:00	17.060203450520834
7/12/1998 14:40:00	16.758313802083332
7/12/1998 14:50:00	15.819197591145834
7/12/1998 15:00:00	16.669031575520833
7/12/1998 15:10:00	19.51150553385417
7/12/1998 15:20:00	21.937967122395833
7/12/1998 15:30:00	24.412869466145832
7/12/1998 15:40:00	25.682858072916666
7/12/1998 15:50:00	38.14000325520833
7/12/1998 16:00:00	35.84595540364583
7/12/1998 16:10:00	30.46294596354167
7/12/1998 16:20:00	30.990735677083336
7/12/1998 16:30:00	31.919497070312502
7/12/1998 16:40:00	34.22121419270833
7/12/1998 16:50:00	51.12633789062501
7/12/1998 17:00:00	39.88328125000001
7/12/1998 17:10:00	40.049601236979164
7/12/1998 17:20:00	46.107587890625
7/12/1998 17:30:00	42.54051920572916
7/12/1998 17:40:00	33.52640462239582
7/12/1998 17:50:00	33.523876953125
7/12/1998 18:00:00	32.05070149739583
7/12/1998 18:10:00	31.309251302083332
7/12/1998 18:20:00	28.997185872395836
7/12/1998 18:30:00	27.4583251953125
7/12/1998 18:40:00	26.02798502604167
7/12/1998 18:50:00	24.414259440104168
7/12/1998 19:00:00	24.132967122395833
7/12/1998 19:10:00	22.484982096354166
7/12/1998 19:20:00	22.216430664062496
7/12/1998 19:30:00	21.515146484375
7/12/1998 19:40:00	22.0052392578125
7/12/1998 19:50:00	21.740911458333333
7/12/1998 20:00:00	22.235364583333336
7/12/1998 20:10:00	22.78167805989583
7/12/1998 20:20:00	22.742094726562502
7/12/1998 20:30:00	22.891181640625
7/12/1998 20:40:00	24.335813802083337
7/12/1998 20:50:00	22.672360026041666
7/12/1998 21:00:00	23.566350911458336
7/12/1998 21:10:00	23.004990234374997
7/12/1998 21:20:00	22.69494140625
7/12/1998 21:30:00	21.914988606770834
7/12/1998 21:40:00	21.49134928385417
7/12/1998 21:50:00	22.046990559895836
7/12/1998 22:00:00	20.853219401041667
7/12/1998 22:10:00	20.328318684895834
7/12/1998 22:20:00	20.187708333333337
7/12/1998 22:30:00	19.79661946614583
7/12/1998 22:40:00	18.748663736979168
7/12/1998 22:50:00	19.704680989583334
7/12/1998 23:00:00	20.24635416666667
7/12/1998 23:10:00	19.165545247395833
7/12/1998 23:20:00	20.13885579427083
7/12/1998 23:30:00	19.511941731770833
7/12/1998 23:40:00	18.96502115885417
